{
  "schemaVersion": 1,
  "id": "xiaojian",
  "version": "2.0.2",
  "name": "Xiaojian",
  "description": "Adds the Wii U CPU Mii you all know and love, Xiaojian to Minecraft!",
  "authors": [
    "D.L"
  ],
  "contact": {
    "homepage": "https://mcreator.net",
    "sources": ""
  },
  "license": "GNU Lesser General Public License version 3 (LGPLv3)",
  "accessWidener": "xiaojian.accesswidener",
  "environment": "*",
  "entrypoints": {
    "main": [
      "net.mcreator.xiaojian.XiaojianMod"
    ],
    "client": [
      "net.mcreator.xiaojian.ClientInit"
    ]
  },
  "depends": {
    "fabricloader": ">=0.14.21",
    "fabric": "*",
    "minecraft": "~1.20",
    "java": ">=17"
  },
  "mixins": [
    "xiaojian.mixins.json"
  ]
}